{
  "project_info": {
    "project_number": "686966032054",
    "firebase_url": "https://travelmantics-b7df4.firebaseio.com",
    "project_id": "travelmantics-b7df4",
    "storage_bucket": "travelmantics-b7df4.appspot.com"
  },
  "client": [
    {
      "client_info": {
        "mobilesdk_app_id": "1:686966032054:android:e7d007822c0b3c74",
        "android_client_info": {
          "package_name": "challenge.two.alc"
        }
      },
      "oauth_client": [
        {
          "client_id": "686966032054-cltpgk878a0b2ii98q74f9qopbbah8g8.apps.googleusercontent.com",
          "client_type": 1,
          "android_info": {
            "package_name": "challenge.two.alc",
            "certificate_hash": "b866911ddcf765563b4660d40c844473dfc89208"
          }
        },
        {
          "client_id": "686966032054-trps60bkm5arksk61qmdeuj98bb0k0ji.apps.googleusercontent.com",
          "client_type": 3
        }
      ],
      "api_key": [
        {
          "current_key": "AIzaSyDuxwTVfM44uczKKJccwwN_IziInLlP4gc"
        }
      ],
      "services": {
        "appinvite_service": {
          "other_platform_oauth_client": [
            {
              "client_id": "686966032054-trps60bkm5arksk61qmdeuj98bb0k0ji.apps.googleusercontent.com",
              "client_type": 3
            }
          ]
        }
      }
    }
  ],
  "configuration_version": "1"
}